{
  "setting": {
    "daemon": true,
    "uid": 0,
    "gid": 110000,
    "pid_file": "",
    "log_level": "info",
    "log_file": "/usr/local/l_ygk/ygk.log",
    "log_file_max": 256
  },
  "dns": [
    {
      "server": "original",
      "proxy": false,
      "file": "accelerated-domains.china.conf",
      "timeout": 10000
    },
    {
      "server": "8.8.8.8",
      "proxy": true,
      "file": "",
      "timeout": 10000
    }
  ],
  "in": {
    "mode": "tun",
    "name": "l_ygk",
    "netmask": "255.255.255.0",
    "mtu": 2800,
    "path": "",
    "tun_post": ""
  },
  "server": {
    "address": "1.2.3.4",
    "port": 11,
    "password": "abcd",
    "ch": "GET / HTTP/1.1\r\nHost: qq.com\r\n\r\n",
    "tun_address": "",
    "timeout": 10000
  }
}
