{
  "setting": {
    "daemon": true,
    "uid": 0,
    "gid": 110000,
    "pid_file": "",
    "log_level": "info",
    "log_file": "/usr/local/l_ygk/ygk.log",
    "log_file_max": 256
  },
  "in": {
    "mode": "tun",
    "name": "l_ygk",
    "netmask": "255.255.255.0",
    "mtu": 2800,
    "path": "",
    "tun_post": ""
  },
  "server": {
    "address": "1.2.3.4",
    "port": 11,
    "password": "abcd",
    "ch": "GET / HTTP/1.1\r\nHost: qq.com\r\n\r\n",
    "tun_address": "",
    "timeout": 10000
  }
}
