{
  "setting": {
    "daemon": true,
    "gid": 110000,
    "log_level": "info",
    "log_file": "../bin/ygk.log"
  },
  "tun": {
    "name": "m_ygk",
    "mtu": 1500,
    "path": "/dev/tun",
    "tun_post": "ip route flush table 110000 ; /data/data/com.termux/files/home/m_ygk/config/../bin/ip -batch /data/data/com.termux/files/home/m_ygk/config/../bin/abroad_route.txt"
  },
  "server": {
    "address": "1.2.3.4",
    "port": 80,
    "password": "abcdef",
    "ch": "GET / HTTP/1.1\r\nHost: qq.com\r\n\r\n",
    "timeout": 30
  }
}
